E_PV_batt;E_PV_curt;E_PV_grid;E_PV_load;E_char;E_cons;E_dis;E_grid_batt;E_grid_load;E_loss_Batt;E_loss_conv;E_loss_inv;E_loss_inv_PV;E_loss_inv_batt;E_loss_inv_grid;E_demand;E_PV;App_comb;SOC_mean;SOC_max;SOC_min;DoD_mean;DoD_max;DoD_min;last_cap;cap_fading;last_SOH;P_max_year_batt;P_max_year_nbatt;Capacity;Tech;PV_nom;name;results_PVbatt;results_PV;results;EFC_nolifetime;LS;TSC;DSC;ISC;CU;PS_year;BS;cycle_to_total;cases
590.9227137852178;17.50737029937227;503.85582838588596;606.4202322589365;681.9451349532566;1747.904268462054;626.0256338870898;91.02242116803825;1652.091193548329;55.91950106616698;35.192687131384886;94.52751757924207;58.435582139201294;31.30128169435457;4.790653745686234;2853.2357779999984;1812.334413999999;7.0;25.21138330835861;99.98904109589041;-2.2204460492503137e-14;97.42073356475095;176.8608945793195;7.19039364398445;6.947149535397449;0.7550066371793007;0.9750266332092017;6.246235;30.773804;7.0;NMC;5.0;164;303.7970254162708;330.1545393359781;620.6204799623781;89.4322334124414;38.73957834332011;66.0663361460704;33.46072488468107;32.60561126138931;0.9660121313224854;-79.70275302981719;21.940900878717713;0.73;True
596.0820927577976;18.358225804193324;525.9701373279654;578.612049832534;695.9312666666821;1772.806464095754;638.8649028000139;99.84917390888397;1667.7020705074535;57.06636386666794;35.17600369011389;95.33436940681044;58.13590458739488;31.943245140000798;5.255219679414954;2853.2357779999984;1812.334413999999;7.0;24.11265834564741;99.98904109589041;-2.5376526277146433e-14;99.41875238095459;176.93107228331687;7.19039364398445;6.946252056804484;0.7678277599359462;0.9745992624506474;6.246235;7.693451;7.0;NMC;5.0;164;227.8837434688956;253.79423997051452;456.74214172519453;91.26641468571627;37.86680800216187;64.81663281985949;31.926340159015176;32.89029266084432;1.0129601723820345;-18.811012119268703;22.390890641636073;0.74;True
